股票代號,CB名稱,CB代號,目前股價,CB轉換價,折價幅度,到期日,餘額比例(%),發行規模(億)
6873,泓德能源二,68732,65.1,208.4,-68.76%,2030/05/29,100%,30
6863,永道一KY,68631,96.8,290.1,-66.63%,2027/10/15,100%,10
1786,科妍三,17863,41.45,112.8,-63.25%,2028/08/01,100%,4
6854,錼創科技一KY創,68541,91.4,248.3,-63.19%,2028/02/27,100%,8
8927,北基七,89277,18.45,50.01,-63.11%,2027/08/16,100%,5.9
5457,宣德三,54573,23.85,62.6,-61.9%,2027/03/06,100%,20
9958,世紀鋼七,99587,89.0,230.5,-61.39%,2027/10/28,99.18%,40
8478,東哥遊艇一,84781,139.5,353.7,-60.56%,2027/07/15,100%,15
9906,欣巴巴三,99063,40.0,100.7,-60.28%,2028/02/27,100%,7
9958,世紀鋼八永,99588,89.0,221.9,-59.89%,2027/11/08,100%,20
3548,兆利二,35482,74.2,183.7,-59.61%,2027/01/08,99.99%,8
3272,東碩三,32723,13.9,34.2,-59.36%,2029/03/07,96.23%,3
1338,廣華二KY,13382,15.05,36.9,-59.21%,2028/12/01,100%,6
8467,波力三KY,84673,91.5,223.9,-59.13%,2027/05/31,93.15%,3.9
1436,華友聯四,14364,36.25,87.9,-58.76%,2028/03/18,96.91%,20
6552,易華電一,65521,24.6,58.8,-58.16%,2026/10/25,100%,5
1438,三地開發一,14381,21.75,51.28,-57.59%,2029/12/19,100%,9.7
6645,金萬林一創,66451,12.3,27.87,-55.87%,2027/12/04,100%,0.7
9941,裕融二,99412,76.3,166.8,-54.26%,2028/11/20,100%,80
3548,兆利三,35483,74.2,160.8,-53.86%,2030/02/25,100%,15
4503,金雨一,45031,23.8,46.0,-48.26%,2029/05/13,100%,5
8404,百和興業一KY,84041,13.5,26.0,-48.08%,2028/10/03,100%,10
2104,國際中橡三,21043,11.3,21.2,-46.7%,2028/10/13,70.99%,35
8488,吉源一KY,84881,9.82,18.4,-46.63%,2026/12/19,100%,3
2743,山富一,27431,51.5,96.3,-46.52%,2028/08/28,100%,3
2528,皇普三,25283,18.8,34.9,-46.13%,2029/12/31,100%,6
6469,大樹三,64693,64.7,119.96,-46.07%,2028/07/28,100%,10
1781,合世三,17813,9.93,18.0,-44.83%,2027/09/24,100%,2
2528,皇普四,25284,18.8,33.7,-44.21%,2030/01/17,88.08%,5
6796,晉弘二,67962,56.0,99.6,-43.78%,2028/12/22,100%,2
4113,聯上五,41135,14.8,26.3,-43.73%,2030/10/27,100%,4
6219,富旺四,62194,12.0,21.17,-43.32%,2028/10/16,100%,6
5388,中磊七,53887,74.0,130.3,-43.21%,2028/12/06,100%,30
4558,寶緯一,45581,17.0,29.8,-42.95%,2028/08/28,100%,3
5245,智晶二,52452,20.0,35.0,-42.86%,2027/12/18,87.03%,3
8374,羅昇二,83742,75.6,132.2,-42.81%,2027/11/15,91.16%,5
8096,擎亞二,80962,90.1,157.3,-42.72%,2029/07/02,100%,8
6591,動力四KY,65914,42.25,72.88,-42.03%,2028/08/27,100%,2.5
8096,擎亞三,80963,90.1,154.3,-41.61%,2029/07/14,100%,5
5289,宜鼎二,52892,1260.0,2113.5,-40.38%,2029/07/01,100%,30
8087,麗升能源二,80872,23.5,39.4,-40.36%,2028/05/02,99.58%,5
1316,上曜六,13166,10.35,17.3,-40.17%,2027/12/27,100%,4
3483,力致四,34834,79.0,131.1,-39.74%,2027/05/22,100%,2
9935,慶豐富三,99353,18.25,30.2,-39.57%,2027/10/14,84.83%,3
6243,迅杰三,62433,39.3,63.3,-37.91%,2027/06/25,100%,3
4164,承業醫五,41645,28.2,45.3,-37.75%,2030/06/20,98.22%,9
4764,雙鍵二,47642,206.5,331.1,-37.63%,2029/08/05,100%,5
1598,岱宇四,15984,20.25,31.9,-36.52%,2028/03/03,100%,2
2530,華建三,25303,20.0,31.4,-36.31%,2028/06/23,100%,5
3346,麗清六,33466,23.3,36.3,-35.81%,2027/11/27,100%,3
2439,美律四,24394,78.7,122.4,-35.7%,2027/07/10,100%,25
6269,台郡六,62696,65.3,101.0,-35.35%,2027/08/02,100%,10
8171,天宇五,81715,21.05,32.4,-35.03%,2027/11/14,94.72%,2.5
6843,進典一,68431,38.15,58.4,-34.67%,2028/08/04,100%,3
3313,斐成三,33133,10.3,15.7,-34.39%,2027/11/29,98.58%,4
6890,來億一KY,68901,156.0,237.5,-34.32%,2028/11/28,96.16%,45
3522,御嵿一,35221,12.0,18.2,-34.07%,2026/12/18,82.07%,1.5
6890,來億二KY,68902,156.0,236.3,-33.98%,2028/12/10,90.38%,5
2442,新美齊四,24424,14.0,21.2,-33.96%,2027/12/25,82.78%,6
9802,鈺齊六KY,98026,65.9,99.6,-33.84%,2027/11/15,99.98%,10
2439,美律五,24395,78.7,118.9,-33.81%,2027/07/22,100%,5
8054,安國一,80541,81.3,122.4,-33.58%,2029/07/22,100%,4
2442,新美齊三,24423,14.0,21.0,-33.33%,2027/11/29,74.72%,10
8442,威宏二KY,84422,46.1,68.9,-33.09%,2026/10/19,90.38%,4
4549,桓達一,45491,99.0,146.9,-32.61%,2027/11/07,100%,5
6835,圓裕一,68351,32.05,47.4,-32.38%,2027/11/01,98.97%,6
2530,華建四,25304,20.0,29.5,-32.2%,2028/06/30,95.09%,8
2233,宇隆一,22331,168.0,245.9,-31.68%,2029/01/23,99.98%,13
8171,天宇四,81714,21.05,30.5,-30.98%,2027/11/12,100%,2.5
3013,晟銘電四,30134,96.3,137.7,-30.07%,2027/10/18,100%,5
6680,鑫創電子一,66801,50.1,71.4,-29.83%,2029/09/02,89.2%,3.5
6269,台郡五,62695,65.3,93.0,-29.78%,2027/08/02,100%,20
6546,正基二,65462,61.5,85.5,-28.07%,2029/06/09,100%,5
3312,弘憶股一,33121,51.5,71.4,-27.87%,2027/06/25,99.99%,10
6982,大井泵浦一,69821,44.7,61.9,-27.79%,2028/07/23,99.80%,3
5201,凱衛一,52011,27.3,37.8,-27.78%,2028/10/15,100%,1
3257,虹冠電一,32571,49.5,68.5,-27.74%,2029/11/01,100%,5
4113,聯上六,41136,14.8,20.45,-27.63%,2031/03/20,100%,2
6150,撼訊六,61506,65.0,89.3,-27.21%,2027/03/07,99.63%,4
3032,偉訓一,30321,77.2,105.9,-27.1%,2028/11/13,100%,10
1474,弘裕三,14743,10.0,13.7,-27.01%,2028/03/31,100%,3
3564,其陽二,35642,60.9,83.4,-26.98%,2027/09/03,85.2%,5
2903,遠東新E2永,140202,21.95,30.0,-26.83%,2029/08/08,99.95%,15
6104,創惟一,61041,87.5,119.0,-26.47%,2027/08/26,87.36%,5
6982,大井泵浦二,69822,44.7,60.1,-25.62%,2028/08/04,97.1%,2
4749,新應材一,47491,791.0,1060.5,-25.41%,2029/05/28,100%,20
5306,桂盟四,53064,87.9,117.4,-25.13%,2026/11/08,99.99%,10
1101,台泥一永,11011,25.5,34.0,-25.0%,2029/12/10,100%,80
8074,鉅橡六,80746,58.0,77.0,-24.68%,2029/05/14,100%,3
3032,偉訓二,30322,77.2,101.9,-24.24%,2030/11/25,100%,10
4714,永捷八,47148,11.95,15.7,-23.89%,2029/05/04,100%,3
6846,綠茵一,68461,57.7,75.8,-23.88%,2030/03/13,99.71%,3.5
3294,英濟三,32943,31.95,41.8,-23.56%,2029/06/18,100%,3
6477,安集五,64775,33.85,43.8,-22.72%,2028/10/09,100%,6
1609,大亞五,16095,39.0,50.4,-22.62%,2029/09/30,100%,20
6862,三集瑞一KY,68621,148.5,191.9,-22.62%,2029/03/13,100%,10
3687,歐買尬三,36873,60.7,77.9,-22.08%,2028/10/03,99.95%,2
6546,正基三,65463,61.5,78.8,-21.95%,2029/06/30,100%,2
6874,倍力一,68741,70.3,90.0,-21.89%,2027/11/04,100%,3
4438,廣越三,44383,56.4,72.2,-21.88%,2028/09/30,100%,8
1466,聚隆四,14664,14.55,18.6,-21.77%,2028/06/20,100%,4
6846,綠茵二,68462,57.7,73.6,-21.6%,2030/03/25,99.69%,3.5
3362,先進光一,33621,196.0,249.8,-21.54%,2029/07/16,99.98%,12
6584,南俊國際三,65843,538.0,682.2,-21.14%,2029/07/02,100%,8
6220,岳豐十,622010,25.65,32.4,-20.83%,2029/06/10,100%,5
3188,鑫龍騰二,31882,22.55,28.4,-20.6%,2028/06/20,85.7%,6
4123,晟德八,41238,31.1,39.1,-20.46%,2031/05/04,94.67%,15
2374,佳能二,23742,66.6,83.6,-20.33%,2031/02/02,100%,3
4569,六方科一KY,45691,159.5,199.7,-20.13%,2028/01/15,100%,5
4973,廣穎電通一,49731,135.5,169.6,-20.11%,2029/08/21,100%,5
2641,正德七,26417,17.25,21.59,-20.1%,2027/07/26,96.75%,5.9
3011,今皓二,30112,10.0,12.5,-20.0%,2029/03/26,100%,4.5
6903,巨漢一,69031,327.0,406.6,-19.58%,2029/07/24,100%,5
6156,松上五,61565,23.4,28.8,-18.75%,2028/06/25,100%,3.5
4123,晟德九,41239,31.1,38.2,-18.59%,2031/05/14,82%,5
2548,華固三,25483,91.2,111.5,-18.21%,2029/10/02,100%,40
3028,增你強五,30285,63.1,77.0,-18.05%,2031/07/24,100%,5
3687,歐買尬二,36872,60.7,73.9,-17.86%,2028/10/02,98.8%,4
2247,汎德永業一,22471,226.0,273.1,-17.25%,2028/06/26,100%,10
2548,華固四,25484,91.2,110.2,-17.24%,2029/10/18,100%,20
2745,五福一,27451,85.8,103.6,-17.18%,2029/01/05,100%,3
8222,寶一一,82221,35.05,42.3,-17.14%,2029/09/10,100%,4
9939,宏全二,99392,127.5,153.7,-17.05%,2029/10/29,100.00%,40
5284,jpp四KY,52844,286.5,345.3,-17.03%,2029/05/05,100%,2
4129,聯合五,41295,83.6,100.5,-16.82%,2030/05/29,99.99%,7
3095,及成四,30954,32.9,39.5,-16.71%,2028/02/25,100%,1.5
8299,群聯三,82993,2060.0,2468.8,-16.56%,2031/02/06,100%,60
6134,萬旭三,61343,28.35,33.8,-16.12%,2029/07/20,100%,3
1623,大東電一,16231,195.0,232.0,-15.95%,2029/07/16,100%,20
4722,國精化四,47224,224.0,264.2,-15.22%,2029/05/26,100%,10
5212,凌網一,52121,49.1,57.73,-14.95%,2029/10/15,100%,4
6570,維田二,65702,47.4,55.73,-14.95%,2029/08/14,100%,2.5
8422,可寧衛三,84223,25.6,30.0,-14.67%,2031/10/06,100%,25
5450,南良一,54501,14.6,17.1,-14.62%,2028/03/21,99.96%,5
2247,汎德永業二,22472,226.0,264.4,-14.52%,2028/06/30,99.94%,10
6803,崑鼎二,68032,262.0,306.2,-14.44%,2031/05/21,100%,20
5608,四維航七,56087,16.55,19.3,-14.25%,2027/12/17,100%,6
4541,晟田五,45415,59.1,68.8,-14.1%,2031/09/21,100%,3
6693,廣閎科一,66931,197.0,228.1,-13.63%,2029/07/24,100%,5
4772,台特化一,47721,277.0,320.3,-13.52%,2028/11/27,100%,20
4510,高鋒二,45102,41.9,48.41,-13.45%,2028/02/26,94.72%,9
6184,大豐電三,61843,40.0,46.2,-13.42%,2027/03/06,87.1%,15
8210,勤誠二,82102,872.0,997.3,-12.56%,2029/01/26,100%,8
6706,惠特二,67062,154.0,176.0,-12.5%,2027/10/25,99.98%,5
6472,保瑞四,64724,428.0,488.2,-12.33%,2031/04/01,100%,20
3260,威剛九,32609,365.0,416.0,-12.26%,2029/09/18,100%,30
3006,晶豪科二,30062,270.5,308.0,-12.18%,2029/10/02,100%,20
3715,定穎投控二,37152,139.0,158.0,-12.03%,2029/03/24,100%,10
3583,辛耘三,35833,743.0,844.0,-11.97%,2029/07/30,100%,5
3691,碩禾三,36913,104.0,118.0,-11.86%,2027/08/30,100%,20
6903,巨漢二,69032,327.0,369.8,-11.57%,2029/08/07,100%,10
3376,新日興三,33763,169.0,191.1,-11.56%,2029/08/23,99.21%,8
4123,晟德六,41236,31.1,35.1,-11.4%,2028/04/26,90.89%,7
6771,平和環保一創,67711,42.3,47.72,-11.36%,2028/05/08,100%,3.5
8411,福貞三KY,84113,11.7,13.2,-11.36%,2030/08/01,96.99%,12
5536,聖暉二,55362,1045.0,1178.0,-11.29%,2029/08/04,100%,15
6223,旺矽六,62236,5530.0,6201.8,-10.83%,2031/06/15,100%,50
5439,高技一,54391,262.0,293.6,-10.76%,2030/09/09,99.99%,20
1102,遠東新E1永,140201,35.9,40.2,-10.7%,2029/08/08,99.99%,10
8210,勤誠三,82103,872.0,975.6,-10.62%,2029/02/03,100%,7
3303,岱稜五,33035,49.85,55.7,-10.5%,2029/11/26,100%,5
3617,碩天三,36173,245.5,274.3,-10.5%,2028/06/16,100%,15
2427,三商電一,24271,22.95,25.6,-10.35%,2028/12/13,93.68%,5
4572,駐龍一,45721,139.0,155.0,-10.32%,2027/07/16,94%,5
8438,昶昕一,84381,81.7,90.8,-10.02%,2029/08/05,100%,3
3583,辛耘四,35834,743.0,825.0,-9.94%,2029/09/22,100%,15
4739,康普三,47393,87.4,96.9,-9.8%,2026/10/28,99.17%,7
5536,聖暉三,55363,1045.0,1158.0,-9.76%,2029/08/17,100%,15
2329,華泰一,23291,45.4,50.3,-9.74%,2029/03/18,100%,25
6472,保瑞五,64725,428.0,473.5,-9.61%,2031/04/15,100%,10
6117,迎廣二,61172,68.0,75.1,-9.45%,2028/05/28,86.7%,5
2732,六角四,27324,63.2,69.7,-9.33%,2028/12/08,100%,6
5284,jpp五KY,52845,286.5,315.5,-9.19%,2029/05/11,100%,3.5
1256,鮮活果汁一KY,12561,166.5,182.5,-8.77%,2028/10/08,99.15%,2
2228,劍麟三,22283,73.9,80.91,-8.66%,2027/08/29,92.90%,3
2641,正德八,26418,17.25,18.82,-8.34%,2030/08/06,92.08%,7.8
3284,太普高三,32843,21.5,23.41,-8.16%,2028/09/15,98.3%,2
5244,弘凱一,52441,40.75,44.0,-7.39%,2029/09/25,97.26%,5
3512,皇龍二,35122,19.0,20.5,-7.32%,2029/08/18,100%,6
8112,至上11,811211,83.7,90.1,-7.1%,2031/06/23,100%,20
3390,旭軟二,33902,22.3,24.0,-7.08%,2028/02/21,100%,2
3028,增你強六,30286,63.1,67.8,-6.93%,2031/09/29,100%,10
7631,聚賢研發一創,76311,140.5,150.0,-6.33%,2029/08/26,100%,4
6576,逸達一,65761,79.0,84.3,-6.29%,2029/03/25,100%,4
2486,一詮七,24867,240.0,256.0,-6.25%,2029/07/23,100%,20
4190,佐登四KY,41904,24.5,26.1,-6.13%,2029/06/30,100%,5
2646,星宇航空一,26461,20.1,21.4,-6.07%,2031/09/29,100%,5
1472,三洋實業三,14723,89.0,94.6,-5.92%,2028/06/17,95%,4
4541,晟田六,45416,59.1,62.8,-5.89%,2031/09/22,100%,2
6284,佳邦三,62843,80.0,85.0,-5.88%,2026/12/14,100%,7
8431,匯鑽科二,84312,64.0,68.0,-5.88%,2029/01/05,100%,3
2646,星宇航空二,26462,20.1,21.2,-5.19%,2031/09/30,100%,15
2756,聯發國際二,27562,61.4,64.3,-4.51%,2029/09/23,100%,4
5534,長虹四,55344,71.6,74.8,-4.28%,2031/03/11,100%,15
4581,光隆精密一KY,45811,48.1,50.2,-4.18%,2028/08/15,100%,5
3491,昇達科三,34913,1705.0,1778.5,-4.13%,2031/06/09,100%,12
8442,威宏四KY,84424,46.1,48.0,-3.96%,2029/09/30,100%,2
6285,啟碁四,62854,257.5,268.0,-3.92%,2029/10/13,100%,60
4168,醣聯四,41684,23.0,23.91,-3.81%,2028/09/18,100%,5
6438,迅得三,64383,165.5,172.0,-3.78%,2029/10/13,100%,5
2464,盟立三,24643,193.0,199.9,-3.45%,2029/09/07,100%,10
8936,國統五,89365,53.1,55.0,-3.45%,2029/08/17,100%,6
1472,三洋實業二,14722,89.0,91.9,-3.16%,2028/05/29,98%,3
2753,八方雲集一,27531,184.0,189.8,-3.06%,2028/10/09,100%,8
6282,康舒二,62822,44.05,45.2,-2.54%,2028/06/13,99.92%,40
2753,八方雲集二,27532,184.0,187.9,-2.08%,2028/10/20,100%,2
1514,亞力二,15142,103.5,105.1,-1.52%,2030/01/13,100%,12
4555,氣立四,45554,42.25,42.9,-1.52%,2028/06/09,100%,5
6904,伯鑫一,69041,123.0,124.7,-1.36%,2028/12/26,100%,1.5
8936,國統六,89366,53.1,53.8,-1.3%,2029/08/28,100%,6
8155,博智二,81552,334.0,338.0,-1.18%,2031/08/03,100%,30
8996,高力五,89965,1645.0,1656.0,-0.66%,2031/10/12,100%,25
3141,晶宏五,31415,81.5,81.83,-0.4%,2029/09/22,100%,5
6101,寬魚國際二,61012,38.75,38.9,-0.39%,2029/01/30,71.16%,2.5
4439,冠星一KY,44391,96.0,96.3,-0.31%,2028/03/03,96.48%,5
1717,長興二,17172,75.6,75.7,-0.13%,2031/06/08,100%,20
9933,中鼎二,99332,43.55,43.6,-0.11%,2029/07/23,100.00%,60
3715,定穎投控一,37151,139.0,139.1,-0.07%,2029/01/21,99.98%,5
