代號,公司,法說日期
1477,聚陽,2026/09/29
2231,為升,2026/09/29
3710,連展投控,2026/09/29
3717,聯嘉投控,2026/09/29
4205,中華食,2026/09/29
5009,榮剛,2026/09/29
5288,豐祥-KY,2026/09/29
5530,龍巖,2026/09/29
6235,華孚,2026/09/29
6919,康霈*,2026/09/29
6923,中台,2026/09/29
8249,菱光,2026/09/29
8422,可寧衛*,2026/09/29
9911,櫻花,2026/09/29
9955,佳龍,2026/09/29
1103,嘉泥,2026/09/30
1229,聯華,2026/09/30
1783,和康生,2026/09/30
2007,燁興,2026/09/30
2354,鴻準,2026/09/30
2743,山富,2026/09/30
2753,八方雲集,2026/09/30
2887,台新新光金,2026/09/30
3015,全漢,2026/09/30
3563,牧德,2026/09/30
4580,捷流閥業,2026/09/30
4763,材料*-KY,2026/09/30
4806,桂田文創,2026/09/30
5438,東友,2026/09/30
5481,新華,2026/09/30
5547,久舜,2026/09/30
6620,漢達,2026/09/30
6901,鑽石投資,2026/09/30
7818,溢泰實業,2026/09/30
8147,正淩,2026/09/30
8424,惠普,2026/09/30
8436,大江,2026/09/30
1338,廣華-KY,2026/10/01
2317,鴻海,2026/10/01
3013,晟銘電,2026/10/01
9908,大台北,2026/10/02
2308,台達電,2026/10/05
3265,台星科,2026/10/06
6257,矽格,2026/10/06
3707,漢磊,2026/10/07
6174,安碁,2026/10/07
2408,南亞科,2026/10/12
2356,英業達,2026/10/13
