股票代號,CB名稱,CB代號,進度狀態,主辦券商,發行量(億),轉換價格,掛牌日/進度日,備註
3260,威剛九,32609,近期掛牌,群益證,30,435.5,2026/09/18,發行價102
4541,晟田五,45415,近期掛牌,凱基證,3,68.8,2026/09/21,發行價114.4
4541,晟田六,45416,近期掛牌,凱基證,2,62.8,2026/09/22,發行價100.5；無額度
3583,辛耘四,35834,近期掛牌,元大證,15,825,2026/09/22,發行價126.9
3141,晶宏五,31415,近期掛牌,統一證,5,82.23,2026/09/22,發行價118.5；無額度
2756,聯發國際二,27562,近期掛牌,統一證,4,64.3,2026/09/23,發行價101；限制承作
3028,增你強六,30286,近期掛牌,富邦證,20,67.8,2026/09/29,發行價106.5；無額度
2646,星宇航空一,26461,近期掛牌,元大證,5,21.4,2026/09/29,發行價100；無額度
2646,星宇航空二,26462,近期掛牌,元大證,15,21.2,2026/09/30,發行價101.2；無額度
8442,威宏四KY,84424,近期掛牌,富邦證,2,48,2026/09/30,發行價100；無額度
3006,晶豪科二,30062,近期掛牌,凱基證,20,308,2026/10/02,發行價118.5
6174,安碁三,61743,近期掛牌,兆豐證,3,46.4,2026/10/02,發行價102；無額度
8422,可寧衛三,84223,近期掛牌,中信證,25,30,2026/10/06,發行價100.7；限制承作
8996,高力五,89965,近期掛牌,富邦證,25,1656,2026/10/12,發行價101.5
8021,尖點三,80213,近期掛牌,福邦證,4.8,528,2026/10/20,底標不低於100；10/2-10/6競拍
1727,中華化二,17272,近期掛牌,統一證,10,111.6,2026/10/20,底標不低於101.5；無額度；10/2-10/6競拍
4198,欣大健康一,41981,近期掛牌,統一證,3,45,2026/10/21,底標不低於102；10/5-10/7競拍
2316,楠梓電一,23161,近期掛牌,富邦證,35,163.6,2026/10/21,底標不低於103；無額度；10/5-10/7競拍
8996,高力六,89966,近期掛牌,富邦證,15,1635,2026/10/22,底標不低於105；10/6-10/8競拍
7738,東聯互動一,77381,申報生效,永豐金證,5,105.01~110,2026/08/05,發行價100；無額度
6438,迅得三,64383,申報生效,台新證,5,105.01~130,2026/09/21,發行價100.5；限制承作
6285,啟碁四,62854,申報生效,凱基證,60,110~120,2026/09/21,發行價101
9935,慶豐富四,99354,申報生效,凱基證,3,106~110,2026/05/11,發行價100.5；無額度；7/22申請延長
1295,生合一,12951,申報生效,台新證,4,102~110,2026/05/26,暫定底標不低於100；無額度
9958,世紀鋼九,99589,申報生效,永豐金證,5,105~110,2026/06/15,發行價100；限制承作
2530,華建五,25305,申報生效,台新證,9,102~115,2026/06/25,底標不低於100；無額度
3597,映興二,35972,申報生效,德信證,2,102~110,2026/07/01,底標不低於100~102.5；無額度
2451,創見二,24512,申報生效,元大證,30,102~110,2026/07/07,底標不低於102
6597,立誠一,65971,申報生效,福邦證,4.5,105.1~110,2026/08/11,發行價100~101；無額度
4198,欣大健康一,41981,申報生效,統一證,3,102~110,2026/09/03,暫定底標不低於102
2316,楠梓電一,23161,申報生效,富邦證,35,102~110,2026/09/21,依競價拍賣結果而定；無額度
3289,宜特六,32896,申報生效,台新證,12,105.1~110,2026/09/21,發行價100.5；限制承作
8996,高力六,89966,申報生效,富邦證,15,102~110,2026/09/16,發行價101~103
6534,正瀚-創一,65341,申報生效,富邦證,7,102~110,2026/09/18,發行價100~101
6285,啟碁五,62855,申報生效,凱基證,20,102~110,2026/09/21,暫定底標不低於105
6944,兆聯實業一,69441,申報生效,富邦證,13,105.01~110,2026/09/22,暫定發行價100~105
6944,兆聯實業二,69442,申報生效,富邦證,12,102~110,2026/09/22,暫定底標不低於100
4566,時碩工業四,45664,申報生效,台新證,10,105.01~115,2026/09/23,發行價100；限制承作
4906,正文七,49067,申報生效,凱基證,12,110~120,2026/09/23,暫定發行價100.5~101；限制承作
4906,正文八,49068,申報生效,凱基證,8,105~110,2026/09/23,暫定底標不低於101；限制承作
1569,濱川七,15697,申報生效,台新證,4,102~120,2026/10/13,底標不低於100
3339,泰谷五,33395,申報生效,永豐金證,5,102~110,2026/10/14,底標不低於101
3455,由田一,34551,申報生效,台新證,7,105.1~150,2026/10/02,發行價101~110；無額度
3455,由田二,34552,申報生效,台新證,3,102~150,2026/10/02,底標不低於100；無額度
3033,威健八,30338,申報生效,華南永昌證,40,102~110,2026/10/05,發行價100；無額度
2367,燿華三,23673,申報生效,臺銀證,15,1.05,2026/10/06,發行價100.5；無額度
2492,華新科二,24922,申報生效,國泰證,45,112~125,2026/10/06,發行價100
6274,台燿六,62746,申報生效,統一證,100,102~105,2026/10/06,發行價110
3702,大聯大四,37024,申報生效,凱基證,150,110~125,2026/10/08,暫定發行價100~100.5
4542,科嶠三,45423,申報生效,未定,5,未定,2026/10/12,依票面金額之100%~100.5%發行
4542,科嶠二,45422,申報生效,未定,5,未定,2026/10/12,依票面金額之100%~100.5%發行
6658,聯策一,66581,申報生效,台新證,2.5,105.01~110,2026/10/12,依詢價圈購或競價拍賣結果而定；無額度
5381,光譜三,53813,申報生效,富邦證,5,102~105,2026/10/19,底標不高於101
6922,宸曜一,69221,董事會決議,未定,5,未定,2026/10/01,底標以不低於面額之102%發行
3706,神達一,37061,董事會決議,未定,50,未定,2026/09/29,依票面金額之100.5%-101%發行
3706,神達二,37062,董事會決議,未定,50,未定,2026/09/29,依票面金額之100.5%-101%發行
7728,光焱科技二,77282,董事會決議,未定,6,未定,2026/09/22,依票面金額之100%~105%發行
7728,光焱科技一,77281,董事會決議,未定,5,未定,2026/09/22,以票面金額之105%~108%發行
3479,安勤四,34794,董事會決議,未定,10,未定,2026/09/22,不低於票面金額之100%發行
7711,永擎一,77111,董事會決議,未定,0,未定,2026/09/17,底標暫定以面額之100%~103%發行
2344,華邦電四,23444,董事會決議,未定,140,未定,2026/09/16,以票面金額100%~101%發行
2344,華邦電五,23445,董事會決議,未定,40,未定,2026/09/16,不低於票面金額為限
6937,天虹一,69371,董事會決議,未定,8,未定,2026/09/01,底標以不低於面額之 102 %為限
2012,春雨四,20124,董事會決議,未定,12,未定,2026/08/27,以票面金額之100%~101%發行
2368,金像電四,23684,董事會決議,未定,60,未定,2026/08/27,依競價拍賣結果而定
3450,聯鈞二,34502,董事會決議,未定,15,未定,2026/08/13,採詢價圈購方式依票面金額之100%~105%發行；採競價拍賣方式，底標以票面額之102%～108%發行
3450,聯鈞一,34501,董事會決議,未定,15,未定,2026/08/13,採詢價圈購方式依票面金額之100%~105%發行；採競價拍賣方式，底標以票面額之102%～108%發行
3209,全科五,32095,董事會決議,未定,15,未定,2026/08/12,底標暫訂以面額之100%發行
3533,嘉澤三,35333,董事會決議,未定,30,未定,2026/08/12,底標以不低於面額之102%為限
8147,正淩四,81474,董事會決議,未定,3,未定,2026/08/12,底標以不低於面額之100%~102%發行
3095,及成五,30955,董事會決議,台新證,1,未定,2026/08/11,底標以不低於票面金額之100%為限
3706,神達一,37061,董事會決議,凱基證,80,未定,2026/08/11,暫定依票面金額之100.5%-101%發行
3706,神達二,37062,董事會決議,凱基證,20,未定,2026/08/11,底標暫定以不低於票面金額之105 %為限
6846,綠茵三,68463,董事會決議,福邦證,3,未定,2026/08/10,暫定以不低於票面金額之100%發行
7740,熙特爾一創,77401,董事會決議,富邦證,12,未定,2026/08/10,依票面金額100%~100.5%發行
6669,緯穎一,66691,董事會決議,未定,150,未定,2026/08/07,以票面金額之100%~100.5%發行
4540,全球傳動三,45403,董事會決議,未定,3,未定,2026/08/07,暫定底標以面額之100%~100.5%為限
3413,京鼎三,34133,董事會決議,福邦證,35,未定,2026/08/07,依票面金額之100%~101%發行
6922,宸曜一,69221,董事會決議,凱基證,5,未定,2026/08/06,暫定底標以不低於面額之102%發行
5263,智崴六,52636,董事會決議,兆豐證,6,未定,2026/05/14,底標以不低於票面金額之101%發行
5386,青雲二,53862,董事會決議,中信證,6.5,未定,2026/05/06,依票面金額之101%發行
8467,波力四-KY,84674,董事會決議,富邦證,2.1,未定,2025/11/13,底標以不低於票面金額之100.5%為限；限制承作
8467,波力五-KY,84675,董事會決議,富邦證,3.9,未定,2025/11/13,按票面金額之100.5%發行；無額度
2762,世界健身一-KY,27621,董事會決議,未定,5,未定,2025/11/12,依票面金額之100~101%發行；限制承作
2109,華豐二,21092,董事會決議,富邦證,10,未定,2025/05/12,未定；無額度
6692,進能服一,66921,董事會決議,元大證,2,未定,2025/05/09,依票面金額之100%~102%發行(綠色債券)；無額度
6807,峰源一KY,68071,董事會決議,永豐金證,6.5,未定,2025/03/13,依票面金額之101%發行；限制承做；取消發行
2466,冠西電四,24664,董事會決議,未定,3.5,未定,2024/12/05,底標以不低於面額為限
8038,長園科二,80382,董事會決議,未定,2,未定,2024/11/12,底標以不低於面額之101%為限
3581,博磊一,35811,董事會決議,未定,4,未定,2024/11/07,依票面金額之100%~101%發行；無額度
8114,振樺電三,81143,董事會決議,富邦證,8,未定,2024/09/27,暫定底標以100%~105%發行；限制承做
3576,聯合再生四,35764,董事會決議,元大證,18,未定,2024/05/06,新台幣壹拾萬元
